MODULO LUNGO TERMINE;;;;;;;;;;;
;;;;;;;;;;;
DATI AZIENDALI;;;;;;;;;;;
Ragione Sociale;STAR LUXURY RENT S.R.L.;;;;;;;;;;
P.IVA;[Inserire P.IVA];;;;;;;;;;
Telefono;[Inserire Telefono];;;;;;;;;;
Email;[Inserire Email];;;;;;;;;;
Nome Referente;[Inserire Nome Referente];;;;;;;;;;
;;;;;;;;;;;
Template Listino - Noleggio Lungo Termine;;;;;;;;;;;
;;;;;;;;;;;
Modello Vettura;Tipo di Motore;Categoria / Segmento;Disponibilità;Canone 6 Mesi;Canone 12 Mesi;Canone 24 Mesi;Canone 36 Mesi;Km Inclusi (Annui);Costo Km Extra;Anticipo / Deposito;Franchigia Danni
;;;;;;;;;;;
;;;;;;;;;;;
;;;;;;;;;;;
;;;;;;;;;;;
;;;;;;;;;;;
;;;;;;;;;;;
;;;;;;;;;;;
;;;;;;;;;;;
;;;;;;;;;;;
;;;;;;;;;;;
;;;;;;;;;;;
;;;;;;;;;;;
;;;;;;;;;;;
;;;;;;;;;;;
;;;;;;;;;;;
;;;;;;;;;;;
;;;;;;;;;;;
;;;;;;;;;;;
;;;;;;;;;;;
;;;;;;;;;;;
