DATI AZIENDALI;;;;;;;;;;
Ragione Sociale;STAR LUXURY RENT S.R.L.;;;;;;;;;
P.IVA;[Inserire P.IVA];;;;;;;;;
Telefono;[Inserire Telefono];;;;;;;;;
Email;[Inserire Email];;;;;;;;;
Nome Referente;[Inserire Nome Referente];;;;;;;;;
;;;;;;;;;;
Template Listino Noleggio Autovetture;;;;;;;;;;
;;;;;;;;;;
Modello Mercedes;Tipo di Motore;Categoria / Segmento;Disponibilità;Tariffa Giornaliera;Tariffa Settimanale;Tariffa Mensile;Km Concessi (GG);Costo Km Extra;Deposito Cauzionale;Franchigia Danni
;;;;;;;;;;
;;;;;;;;;;
;;;;;;;;;;
;;;;;;;;;;
;;;;;;;;;;
;;;;;;;;;;
;;;;;;;;;;
;;;;;;;;;;
;;;;;;;;;;
;;;;;;;;;;
;;;;;;;;;;
;;;;;;;;;;
;;;;;;;;;;
;;;;;;;;;;
;;;;;;;;;;
;;;;;;;;;;
;;;;;;;;;;
;;;;;;;;;;
;;;;;;;;;;
;;;;;;;;;;
